[
    {
        "plasmid_id": "mastermix",
        "h2o_volume": 0,
        "pYTK053": 0.127,
        "buffer": 8.0,
        "pMYT039": 0.476,
        "pYTK033": 0.327
    },
    {
        "plasmid_id": "pSA001",
        "h2o_volume": 7.704,
        "pYTK009": 0.063,
        "mastermix": 2.232
    },
    {
        "plasmid_id": "pSA002",
        "h2o_volume": 7.524,
        "pYTK014": 0.244,
        "mastermix": 2.232
    },
    {
        "plasmid_id": "pSA003",
        "h2o_volume": 7.7,
        "pYTK018": 0.068,
        "mastermix": 2.232
    },
    {
        "plasmid_id": "pSA004",
        "h2o_volume": 7.7,
        "pYTK027": 0.067,
        "mastermix": 2.232
    }
]