[
    {
        "plasmid_id": "pSA001",
        "h2o_volume": 7.704,
        "buffer": 2.0,
        "pMYT039": 0.119,
        "pYTK009": 0.063,
        "pYTK033": 0.082,
        "pYTK053": 0.032
    },
    {
        "plasmid_id": "pSA002",
        "h2o_volume": 7.524,
        "buffer": 2.0,
        "pMYT039": 0.119,
        "pYTK014": 0.244,
        "pYTK033": 0.082,
        "pYTK053": 0.032
    },
    {
        "plasmid_id": "pSA003",
        "h2o_volume": 7.7,
        "buffer": 2.0,
        "pMYT039": 0.119,
        "pYTK018": 0.068,
        "pYTK033": 0.082,
        "pYTK053": 0.032
    },
    {
        "plasmid_id": "pSA004",
        "h2o_volume": 7.7,
        "buffer": 2.0,
        "pMYT039": 0.119,
        "pYTK027": 0.067,
        "pYTK033": 0.082,
        "pYTK053": 0.032
    }
]