[
    {
        "plasmid_id": "mastermix",
        "h2o_volume": 0,
        "pMYT039__10x__": 4.0,
        "buffer": 8.0,
        "pYTK053__10x__": 4.0,
        "pYTK033__10x__": 4.0
    },
    {
        "plasmid_id": "pMYT039__10x__",
        "h2o_volume": 7.407,
        "pMYT039": 1.0
    },
    {
        "plasmid_id": "pYTK009__10x__",
        "h2o_volume": 14.765,
        "pYTK009": 1.0
    },
    {
        "plasmid_id": "pYTK014__10x__",
        "h2o_volume": 3.096,
        "pYTK014": 1.0
    },
    {
        "plasmid_id": "pYTK018__10x__",
        "h2o_volume": 13.676,
        "pYTK018": 1.0
    },
    {
        "plasmid_id": "pYTK027__10x__",
        "h2o_volume": 13.882,
        "pYTK027": 1.0
    },
    {
        "plasmid_id": "pYTK033__10x__",
        "h2o_volume": 11.246,
        "pYTK033": 1.0
    },
    {
        "plasmid_id": "pYTK053__10x__",
        "h2o_volume": 30.518,
        "pYTK053": 1.0
    },
    {
        "plasmid_id": "pSA001",
        "h2o_volume": 4.0,
        "pYTK009__10x__": 1.0,
        "mastermix": 5.0
    },
    {
        "plasmid_id": "pSA002",
        "h2o_volume": 4.0,
        "pYTK014__10x__": 1.0,
        "mastermix": 5.0
    },
    {
        "plasmid_id": "pSA003",
        "h2o_volume": 4.0,
        "pYTK018__10x__": 1.0,
        "mastermix": 5.0
    },
    {
        "plasmid_id": "pSA004",
        "h2o_volume": 4.0,
        "pYTK027__10x__": 1.0,
        "mastermix": 5.0
    }
]